<?xml version="1.0"?>
<addon scheme="3.0">
    <id>gopayfast</id>
    <version>2.0</version>
    <priority>3000</priority>
    <position>0</position>
    <status>active</status>
    <supplier>PayFast</supplier>
    <supplier_link>https://gopayfast.com</supplier_link>
    <default_language>en</default_language>
    <authors>
        <author>
            <name>PayFast Tech Team</name>
            <email>info@gopayfast.com</email>
            <url>https://gopayfast.com</url>
        </author>
    </authors>
    <queries>
        <item for="install">
            insert into `?:payment_processors` (`processor`, `processor_script`, `processor_template`, 
            `admin_template`, `callback`, `type`, `addon`) 
            values('PayFast','gopayfast.php','','gopayfast_admin_tmpl.tpl','N','P','gopayfast')</item>
        <item for="uninstall">DELETE FROM `?:payment_processors` WHERE processor = "PayFast" AND addon="gopayfast"</item>
    </queries>
</addon>